Province,District,Tehsil,CNIC,CRC,NICOP,Grand Total
BALOCHISTAN,AWARAN,AWARAN SUB-,"26,538","14,956","1,865","43,359"
BALOCHISTAN,AWARAN,GISHKORE,"11,226","5,049",438,"16,713"
BALOCHISTAN,AWARAN,JHAL JHAO,"16,419","12,176",753,"29,348"
BALOCHISTAN,AWARAN,KORAK JHAO,"10,895","5,689",225,"16,809"
BALOCHISTAN,AWARAN,MASHKAI SUB-,"26,790","15,638",635,"43,063"
BALOCHISTAN,BARKHAN,BARKHAN SUB-,"83,625","48,980","1,488","134,093"
BALOCHISTAN,CHAGAI,CHAGAI,"39,469","23,948",369,"63,786"
BALOCHISTAN,CHAGAI,DALBANDIN SUB-,"65,959","50,343",912,"117,214"
BALOCHISTAN,CHAGAI,NOKKUNDI,"15,633","8,413",34,"24,080"
BALOCHISTAN,CHAGAI,TAFTAN SUB-,"8,638","4,367",15,"13,020"
BALOCHISTAN,CHAMAN,CHAMAN CITY,"121,986","48,288",829,"171,103"
BALOCHISTAN,CHAMAN,CHAMAN SADDAR,"39,495","18,242",163,"57,900"
BALOCHISTAN,DERA BUGTI,DERA BUGTI SUB-,"37,732","32,705",199,"70,636"
BALOCHISTAN,DERA BUGTI,PHELAWAGH,"40,982","22,224",35,"63,241"
BALOCHISTAN,DERA BUGTI,SUI SUB-,"60,347","52,523",550,"113,420"
BALOCHISTAN,DUKI,DUKI,"42,899","27,164",114,"70,177"
BALOCHISTAN,DUKI,LOONI,"11,226","5,926",4,"17,156"
BALOCHISTAN,DUKI,TALAU,"5,578","2,679",1,"8,258"
BALOCHISTAN,DUKI,THAL CHUTYALI,"6,827","3,605",9,"10,441"
BALOCHISTAN,GWADAR,GWADAR SUB-,"81,119","45,313","3,795","130,227"
BALOCHISTAN,GWADAR,JIWANI,"14,796","7,995",223,"23,014"
BALOCHISTAN,GWADAR,ORMARA,"14,940","6,656",65,"21,661"
BALOCHISTAN,GWADAR,PASNI SUB-,"38,512","17,534",889,"56,935"
BALOCHISTAN,HARNAI,HARNAI,"36,282","22,054",131,"58,467"
BALOCHISTAN,HARNAI,SHAHRIG,"12,544","7,638",5,"20,187"
BALOCHISTAN,HUB,DUREJI,"24,602","14,372",60,"39,034"
BALOCHISTAN,HUB,GADDANI,"13,029","6,552",28,"19,609"
BALOCHISTAN,HUB,HUB,"104,120","64,917","1,846","170,883"
BALOCHISTAN,HUB,SON MAINI,"32,736","19,895",256,"52,887"
BALOCHISTAN,JAFFARABAD,JHAT PAT SUB-,"166,466","100,987","1,776","269,229"
BALOCHISTAN,JHAL MAGSI,GANDAWA SUB-,"30,023","18,718",397,"49,138"
BALOCHISTAN,JHAL MAGSI,JHAL MAGSI SUB-,"40,483","19,872",954,"61,309"
BALOCHISTAN,KACHHI,BALANARI SUB,"17,368","8,281",8,"25,657"
BALOCHISTAN,KACHHI,BHAG SUB-,"34,423","17,509",74,"52,006"
BALOCHISTAN,KACHHI,DHADAR SUB-,"36,532","22,866",90,"59,488"
BALOCHISTAN,KACHHI,MACH SUB-,"28,645","15,982",168,"44,795"
BALOCHISTAN,KACHHI,SANNI SUB-,"24,239","11,330",80,"35,649"
BALOCHISTAN,KALAT,KALAT SUB-,"71,850","45,642","1,169","118,661"
BALOCHISTAN,KALAT,MANGOCHAR,"35,822","19,934",81,"55,837"
BALOCHISTAN,KECH,BULEDA SUB-,"30,275","14,793","3,721","48,789"
BALOCHISTAN,KECH,DASHT SUB-,"27,007","13,998","1,748","42,753"
BALOCHISTAN,KECH,KECH (TURBAT) SUB-,"145,414","62,878","12,554","220,846"
BALOCHISTAN,KECH,MAND SUB-,"20,436","10,660","6,748","37,844"
BALOCHISTAN,KECH,TUMP SUB-,"33,084","15,723","8,277","57,084"
BALOCHISTAN,KHARAN,KHARAN SUB-,"74,790","46,951","2,101","123,842"
BALOCHISTAN,KHUZDAR,KHUZDAR SUB-,"162,159","105,512","11,814","279,485"
BALOCHISTAN,KHUZDAR,NAAL SUB-,"54,377","34,669","4,799","93,845"
BALOCHISTAN,KHUZDAR,WADH SUB-,"69,833","51,743",951,"122,527"
BALOCHISTAN,KHUZDAR,ZEHRI,"20,074","12,028",890,"32,992"
BALOCHISTAN,KILLA ABDULLAH,DOBANDI SUB,"17,902","6,002",15,"23,919"
BALOCHISTAN,KILLA ABDULLAH,GULISTAN SUB-,"56,618","27,547",208,"84,373"
BALOCHISTAN,KILLA ABDULLAH,KILLA ABDULLAH,"75,167","37,793",200,"113,160"
BALOCHISTAN,KILLA SAIFULLAH,KILLA SAIFULLAH SUB-,"73,768","52,914",101,"126,783"
BALOCHISTAN,KILLA SAIFULLAH,LOIBAND,"13,266","6,974",,"20,240"
BALOCHISTAN,KILLA SAIFULLAH,MUSLIM BAGH,"49,324","33,540",65,"82,929"
BALOCHISTAN,KOHLU,KAHAN,"8,022","3,060",213,"11,295"
BALOCHISTAN,KOHLU,KOHLU,"45,713","24,849",595,"71,157"
BALOCHISTAN,KOHLU,MAWAND,"16,898","8,610",82,"25,590"
BALOCHISTAN,LASBELA,BELA SUB-,"72,300","47,749",821,"120,870"
BALOCHISTAN,LASBELA,KANRAJ SUB-,"6,495","4,260",2,"10,757"
BALOCHISTAN,LASBELA,LAKHARA,"25,353","16,878",399,"42,630"
BALOCHISTAN,LASBELA,OTHAL,"41,056","27,934",209,"69,199"
BALOCHISTAN,LORALAI,LORALAI,"112,985","74,527",664,"188,176"
BALOCHISTAN,LORALAI,MEKHTAR,"19,331","12,182",102,"31,615"
BALOCHISTAN,MASTUNG,DASHT SUB-,"18,086","8,742",123,"26,951"
BALOCHISTAN,MASTUNG,KIRDGAP,"11,785","4,477",22,"16,284"
BALOCHISTAN,MASTUNG,MASTUNG SUB-,"105,901","48,757",426,"155,084"
BALOCHISTAN,MUSAKHEL,DURG,"17,101","9,317",39,"26,457"
BALOCHISTAN,MUSAKHEL,KINGRI,"14,957","7,730",100,"22,787"
BALOCHISTAN,MUSAKHEL,MUSAKHEL SUB-,"28,456","22,915",198,"51,569"
BALOCHISTAN,MUSAKHEL,TOISAR,"11,759","5,863",110,"17,732"
BALOCHISTAN,NASIRABAD,BABA KOT,"12,189","3,961",19,"16,169"
BALOCHISTAN,NASIRABAD,CHHATTAR SUB-,"38,309","21,731",80,"60,120"
BALOCHISTAN,NASIRABAD,DERA MURAD JAMALI SUB-,"144,113","85,948",934,"230,995"
BALOCHISTAN,NASIRABAD,LANDHI,"1,373",670,7,"2,050"
BALOCHISTAN,NASIRABAD,TAMBOO,"62,378","30,473",359,"93,210"
BALOCHISTAN,NUSHKI,AHMAD WAL,"10,375","6,062",192,"16,629"
BALOCHISTAN,NUSHKI,DAK,"3,199","1,777",129,"5,105"
BALOCHISTAN,NUSHKI,NUSHKI SUB-,"95,142","61,409","4,401","160,952"
BALOCHISTAN,PANJGUR,GAWARGO,"15,174","5,974",799,"21,947"
BALOCHISTAN,PANJGUR,JAHEEN PROOM,"9,764","3,857",418,"14,039"
BALOCHISTAN,PANJGUR,PANJGUR SUB-,"101,928","47,954","5,428","155,310"
BALOCHISTAN,PISHIN,BARSHORE SUB-,"46,629","29,089",152,"75,870"
BALOCHISTAN,PISHIN,HURRAMZAI,"45,447","21,832",60,"67,339"
BALOCHISTAN,PISHIN,KAREZAT SUB-,"48,159","29,968",150,"78,277"
BALOCHISTAN,PISHIN,NANA SAHIB,"15,654","10,350",9,"26,013"
BALOCHISTAN,PISHIN,PISHIN SUB-,"133,204","72,837","1,026","207,067"
BALOCHISTAN,PISHIN,SARANAN,"19,881","10,443",14,"30,338"
BALOCHISTAN,QUETTA,DASHT SUB-,"1,501",892,11,"2,404"
BALOCHISTAN,QUETTA,KACHLAK,"39,990","21,322",405,"61,717"
BALOCHISTAN,QUETTA,QUETTA,"738,896","348,437","16,139","1,103,472"
BALOCHISTAN,QUETTA,QUETTA SADDAR,"205,352","136,037","12,709","354,098"
BALOCHISTAN,QUETTA,SARIAB,"12,506","9,181",96,"21,783"
BALOCHISTAN,SHERANI,SHERANI,"38,628","18,411","5,197","62,236"
BALOCHISTAN,SIBBI,LEHRI SUB-,"26,344","15,938",16,"42,298"
BALOCHISTAN,SIBBI,SIBI SUB-,"94,977","52,008",228,"147,213"
BALOCHISTAN,SOHBATPUR,FARIDABAD AT CHATTAMPATTI,"26,459","14,492",40,"40,991"
BALOCHISTAN,SOHBATPUR,HAIR DIN,"10,646","6,043",15,"16,704"
BALOCHISTAN,SOHBATPUR,MANJHIPUR,"13,484","8,068",43,"21,595"
BALOCHISTAN,SOHBATPUR,PANHWAR,"13,730","6,733",98,"20,561"
BALOCHISTAN,SOHBATPUR,SAEED MUHAMMAD KANRANI,"6,307","4,220",51,"10,578"
BALOCHISTAN,SOHBATPUR,SOHBATPUR,"37,827","22,634",96,"60,557"
BALOCHISTAN,SURAB,DASHT-E-GORAN,"3,783","2,081",106,"5,970"
BALOCHISTAN,SURAB,GADAR,"14,584","8,402","1,195","24,181"
BALOCHISTAN,SURAB,SHAHEED MEHARABAD ZEHRI,"7,803","5,118",141,"13,062"
BALOCHISTAN,SURAB,SURAB,"29,961","17,780","7,108","54,849"
BALOCHISTAN,USTA MOHAMMAD,GANDAKHA,"36,485","18,491",279,"55,255"
BALOCHISTAN,USTA MOHAMMAD,USTA MOHAMMAD,"99,970","57,905",508,"158,383"
BALOCHISTAN,WASHUK,MASHKHEL,"19,255","5,933",343,"25,531"
BALOCHISTAN,WASHUK,RAKHSHAN (BESIMA) SUB-,"26,706","13,946",133,"40,785"
BALOCHISTAN,WASHUK,WASHUK,"19,401","11,117",832,"31,350"
BALOCHISTAN,ZHOB,KAKAR KHURASAN SUB-,"14,954","13,165",21,"28,140"
BALOCHISTAN,ZHOB,ZHOB SUB-,"139,316","81,076","2,862","223,254"
BALOCHISTAN,ZIARAT,SINJAWI SUB-,"45,748","23,164",58,"68,970"
BALOCHISTAN,ZIARAT,ZIARAT SUB-,"37,073","21,367",42,"58,482"
ISLAMABAD,ISLAMABAD,ISLAMABAD,"1,898,689","800,278","159,329","2,858,296"
KHYBER PAKHTUNKHWA,ABBOTTABAD,ABBOTTABAD,"639,548","316,478","35,190","991,216"
KHYBER PAKHTUNKHWA,ABBOTTABAD,HAVELIAN,"175,594","85,170","5,515","266,279"
KHYBER PAKHTUNKHWA,ABBOTTABAD,LORA,"38,303","16,193","1,239","55,735"
KHYBER PAKHTUNKHWA,ABBOTTABAD,LOWER TANAWAL,"45,292","20,034",992,"66,318"
KHYBER PAKHTUNKHWA,BAJAUR,BAR CHAMER KAND,"3,335","2,700",66,"6,101"
KHYBER PAKHTUNKHWA,BAJAUR,BARANG,"52,526","49,907","1,000","103,433"
KHYBER PAKHTUNKHWA,BAJAUR,KHAR BAJAUR,"134,166","103,899","2,680","240,745"
KHYBER PAKHTUNKHWA,BAJAUR,MAMUND,"199,560","145,740","2,741","348,041"
KHYBER PAKHTUNKHWA,BAJAUR,NAWAGAI,"66,346","68,597",583,"135,526"
KHYBER PAKHTUNKHWA,BAJAUR,SALARZAI,"154,268","82,674","4,533","241,475"
KHYBER PAKHTUNKHWA,BAJAUR,UTMAN KHEL,"57,269","36,602","2,561","96,432"
KHYBER PAKHTUNKHWA,BANNU,BANNU,"534,226","368,210","32,041","934,477"
KHYBER PAKHTUNKHWA,BANNU,DOMEL,"100,135","60,087","4,549","164,771"
KHYBER PAKHTUNKHWA,BANNU,MIRYAN,"74,641","55,894","3,478","134,013"
KHYBER PAKHTUNKHWA,BATAGRAM,ALLAI,"119,493","108,909","4,677","233,079"
KHYBER PAKHTUNKHWA,BATAGRAM,BATAGRAM,"195,115","154,864","12,173","362,152"
KHYBER PAKHTUNKHWA,BUNER,CHAGHARZAI,"63,828","47,558","2,472","113,858"
KHYBER PAKHTUNKHWA,BUNER,DAGGAR,"149,601","122,869","18,813","291,283"
KHYBER PAKHTUNKHWA,BUNER,GADEZAI,"99,732","69,003","5,868","174,603"
KHYBER PAKHTUNKHWA,BUNER,GAGRA,"93,165","65,341","3,598","162,104"
KHYBER PAKHTUNKHWA,BUNER,KHADO KHEL,"72,399","48,182","3,924","124,505"
KHYBER PAKHTUNKHWA,BUNER,MANDANR,"86,565","56,017","1,397","143,979"
KHYBER PAKHTUNKHWA,CHARSADDA,CHARSADDA,"598,978","373,343","22,385","994,706"
KHYBER PAKHTUNKHWA,CHARSADDA,SHABQADAR,"209,172","115,956","6,906","332,034"
KHYBER PAKHTUNKHWA,CHARSADDA,TANGI,"265,725","163,358","11,161","440,244"
KHYBER PAKHTUNKHWA,CHITRAL,CHITRAL SUB-,"195,400","106,964","3,246","305,610"
KHYBER PAKHTUNKHWA,D. I. KHAN,D.I.KHAN,"412,844","268,551","7,509","688,904"
KHYBER PAKHTUNKHWA,D. I. KHAN,DRABAN,"73,007","67,490",334,"140,831"
KHYBER PAKHTUNKHWA,D. I. KHAN,KULACHI,"76,006","56,444",680,"133,130"
KHYBER PAKHTUNKHWA,D. I. KHAN,PAHARPUR,"186,009","125,434","1,175","312,618"
KHYBER PAKHTUNKHWA,D. I. KHAN,PANIALA,"48,951","32,217",203,"81,371"
KHYBER PAKHTUNKHWA,D. I. KHAN,PAROA,"126,598","111,937",551,"239,086"
KHYBER PAKHTUNKHWA,HANGU,HANGU,"171,349","107,625","50,634","329,608"
KHYBER PAKHTUNKHWA,HANGU,TALL,"110,247","61,749","16,048","188,044"
KHYBER PAKHTUNKHWA,HARIPUR,GHAZI,"104,357","43,620","7,078","155,055"
KHYBER PAKHTUNKHWA,HARIPUR,HARIPUR,"520,916","231,344","31,556","783,816"
KHYBER PAKHTUNKHWA,HARIPUR,KHAN PUR,"107,081","42,852","2,212","152,145"
KHYBER PAKHTUNKHWA,KARAK,BANDA DAUD SHAH,"112,597","84,604","4,886","202,087"
KHYBER PAKHTUNKHWA,KARAK,KARAK,"204,746","152,234","7,984","364,964"
KHYBER PAKHTUNKHWA,KARAK,TAKHAT NASRATI,"173,314","133,002","8,227","314,543"
KHYBER PAKHTUNKHWA,KHYBER,BARA,"304,823","240,181","17,801","562,805"
KHYBER PAKHTUNKHWA,KHYBER,JAMRUD,"113,544","93,178","4,935","211,657"
KHYBER PAKHTUNKHWA,KHYBER,LANDI KOTAL,"188,080","174,586","3,917","366,583"
KHYBER PAKHTUNKHWA,KHYBER,MULAGORI,"23,165","22,611",215,"45,991"
KHYBER PAKHTUNKHWA,KOHAT,KOHAT,"515,476","310,247","39,242","864,965"
KHYBER PAKHTUNKHWA,KOHAT,LACHI,"87,068","44,232","1,536","132,836"
KHYBER PAKHTUNKHWA,KOHISTAN,DASSU,"26,430","21,956",71,"48,457"
KHYBER PAKHTUNKHWA,KOHISTAN,HARBAN BASHA,"10,599","7,517",5,"18,121"
KHYBER PAKHTUNKHWA,KOHISTAN,KUNDIA,"19,448","12,317",10,"31,775"
KHYBER PAKHTUNKHWA,KOHISTAN,SEO,"12,737","7,479",7,"20,223"
KHYBER PAKHTUNKHWA,KOHISTAN LOWER,BANKAD/RANOLIA,"34,845","26,091",768,"61,704"
KHYBER PAKHTUNKHWA,KOHISTAN LOWER,PATTAN,"29,045","23,905",220,"53,170"
KHYBER PAKHTUNKHWA,KOLAI PALLAS,BATAIRA KOLAI,"17,766","13,675",225,"31,666"
KHYBER PAKHTUNKHWA,KOLAI PALLAS,PALLAS,"12,441","8,975",29,"21,445"
KHYBER PAKHTUNKHWA,KURRAM,CENTRAL KURRAM,"128,462","60,715","12,713","201,890"
KHYBER PAKHTUNKHWA,KURRAM,LOWER KURRAM,"32,002","16,445","9,764","58,211"
KHYBER PAKHTUNKHWA,KURRAM,SAADA,"36,942","15,873","2,598","55,413"
KHYBER PAKHTUNKHWA,KURRAM,UPPER KURRAM,"183,960","73,646","19,705","277,311"
KHYBER PAKHTUNKHWA,LAKKI MARWAT,LAKKI MARWAT,"394,380","292,155","3,952","690,487"
KHYBER PAKHTUNKHWA,LAKKI MARWAT,SARAI NAURANG,"132,231","87,075","2,497","221,803"
KHYBER PAKHTUNKHWA,LOWER DIR,ADENZAI,"201,309","151,781","9,283","362,373"
KHYBER PAKHTUNKHWA,LOWER DIR,KHALL,"42,947","26,551","2,602","72,100"
KHYBER PAKHTUNKHWA,LOWER DIR,LALQILA,"112,996","72,558","9,035","194,589"
KHYBER PAKHTUNKHWA,LOWER DIR,SAMARBAGH,"217,275","148,499","13,875","379,649"
KHYBER PAKHTUNKHWA,LOWER DIR,TIMERGARA,"302,166","180,128","22,445","504,739"
KHYBER PAKHTUNKHWA,MALAKAND P AREA,BAT KHELA,"286,736","196,381","11,611","494,728"
KHYBER PAKHTUNKHWA,MALAKAND P AREA,DARGAI,"200,314","120,404","10,954","331,672"
KHYBER PAKHTUNKHWA,MANSEHRA,BAFFA PAKHAL,"221,209","135,004","6,190","362,403"
KHYBER PAKHTUNKHWA,MANSEHRA,BALA KOT,"212,062","144,064","9,520","365,646"
KHYBER PAKHTUNKHWA,MANSEHRA,DAR BAND,"33,007","17,530",709,"51,246"
KHYBER PAKHTUNKHWA,MANSEHRA,MANSEHRA,"460,977","280,702","19,210","760,889"
KHYBER PAKHTUNKHWA,MANSEHRA,OGHI,"173,704","116,407","7,789","297,900"
KHYBER PAKHTUNKHWA,MARDAN,GARHI KAPOORA,"141,258","85,998","4,836","232,092"
KHYBER PAKHTUNKHWA,MARDAN,KATLANG,"194,881","113,871","5,608","314,360"
KHYBER PAKHTUNKHWA,MARDAN,MARDAN,"820,832","552,848","39,393","1,413,073"
KHYBER PAKHTUNKHWA,MARDAN,TAKHT BHAI,"429,728","273,706","19,256","722,690"
KHYBER PAKHTUNKHWA,MOHMAND,AMBAR UTMAN KHEL,"34,416","31,053",659,"66,128"
KHYBER PAKHTUNKHWA,MOHMAND,HALIM ZAI,"48,444","30,611","2,567","81,622"
KHYBER PAKHTUNKHWA,MOHMAND,PINDIALI,"56,665","52,518","1,262","110,445"
KHYBER PAKHTUNKHWA,MOHMAND,PRANG GHAR,"15,581","10,931",260,"26,772"
KHYBER PAKHTUNKHWA,MOHMAND,SAAFI,"65,598","52,937","1,330","119,865"
KHYBER PAKHTUNKHWA,MOHMAND,UPPER MOHMAND,"69,365","67,538","2,747","139,650"
KHYBER PAKHTUNKHWA,MOHMAND,YAKE GHUND,"35,626","31,534","2,228","69,388"
KHYBER PAKHTUNKHWA,N WAZIRISTAN,DATTA KHEL,"95,171","40,452","9,739","145,362"
KHYBER PAKHTUNKHWA,N WAZIRISTAN,DOSSALI,"21,700","10,537",986,"33,223"
KHYBER PAKHTUNKHWA,N WAZIRISTAN,GARYUM,"3,386","1,766",305,"5,457"
KHYBER PAKHTUNKHWA,N WAZIRISTAN,GHULAM KHAN,"16,365","8,918","1,806","27,089"
KHYBER PAKHTUNKHWA,N WAZIRISTAN,MIR ALI,"101,338","50,144","9,371","160,853"
KHYBER PAKHTUNKHWA,N WAZIRISTAN,MIRAN SHAH,"76,815","40,247","7,375","124,437"
KHYBER PAKHTUNKHWA,N WAZIRISTAN,RAZMAK,"7,529","3,947",772,"12,248"
KHYBER PAKHTUNKHWA,N WAZIRISTAN,SHAWAL,"12,320","7,109",756,"20,185"
KHYBER PAKHTUNKHWA,N WAZIRISTAN,SHEWA,"45,593","19,695","6,353","71,641"
KHYBER PAKHTUNKHWA,N WAZIRISTAN,SPEEN WAM,"26,417","10,294","3,408","40,119"
KHYBER PAKHTUNKHWA,NOWSHERA,JEHANGIRA,"195,489","112,331","6,041","313,861"
KHYBER PAKHTUNKHWA,NOWSHERA,NOWSHERA,"507,921","349,429","30,464","887,814"
KHYBER PAKHTUNKHWA,NOWSHERA,PABBI,"230,356","129,467","14,249","374,072"
KHYBER PAKHTUNKHWA,ORAKZAI,CENTRAL,"41,141","20,933","4,160","66,234"
KHYBER PAKHTUNKHWA,ORAKZAI,ISMAIL ZAI,"20,213","12,189","2,015","34,417"
KHYBER PAKHTUNKHWA,ORAKZAI,LOWER,"62,570","30,306","3,984","96,860"
KHYBER PAKHTUNKHWA,ORAKZAI,UPPER,"78,847","57,312","10,466","146,625"
KHYBER PAKHTUNKHWA,PESHAWAR,PESHAWAR,"2,294,799","1,398,324","106,493","3,799,616"
KHYBER PAKHTUNKHWA,S WAZIRISTAN,BIRMIL,"45,674","22,484","1,686","69,844"
KHYBER PAKHTUNKHWA,S WAZIRISTAN,LADHA,"67,800","34,756","3,819","106,375"
KHYBER PAKHTUNKHWA,S WAZIRISTAN,MAKIN,"34,145","19,709","1,467","55,321"
KHYBER PAKHTUNKHWA,S WAZIRISTAN,SARAROGHA,"71,017","35,686","4,469","111,172"
KHYBER PAKHTUNKHWA,S WAZIRISTAN,SERWEKAI,"45,280","21,523","2,373","69,176"
KHYBER PAKHTUNKHWA,S WAZIRISTAN,TIARZA,"39,877","21,609","2,830","64,316"
KHYBER PAKHTUNKHWA,S WAZIRISTAN,TOI KHULLA,"45,807","20,872",790,"67,469"
KHYBER PAKHTUNKHWA,S WAZIRISTAN,WANA,"73,261","41,051","5,340","119,652"
KHYBER PAKHTUNKHWA,SHANGLA,ALPURI,"377,108","359,114","11,103","747,325"
KHYBER PAKHTUNKHWA,SHANGLA,PURAN,"93,929","87,186","1,894","183,009"
KHYBER PAKHTUNKHWA,SWABI,LAHOR,"216,781","140,330","20,090","377,201"
KHYBER PAKHTUNKHWA,SWABI,RAZZAR,"368,731","204,491","13,339","586,561"
KHYBER PAKHTUNKHWA,SWABI,SWABI,"317,780","202,594","30,680","551,054"
KHYBER PAKHTUNKHWA,SWABI,TOPI,"193,950","110,466","9,988","314,404"
KHYBER PAKHTUNKHWA,SWAT,BABOZAI,"369,331","238,335","13,750","621,416"
KHYBER PAKHTUNKHWA,SWAT,BAHRAIN,"213,024","190,785","24,962","428,771"
KHYBER PAKHTUNKHWA,SWAT,BARIKOT,"115,095","81,299","6,982","203,376"
KHYBER PAKHTUNKHWA,SWAT,CHARBAGH,"77,408","60,474","2,376","140,258"
KHYBER PAKHTUNKHWA,SWAT,KABAL,"262,280","182,132","21,296","465,708"
KHYBER PAKHTUNKHWA,SWAT,KHWAZA KHELA,"159,517","110,444","7,076","277,037"
KHYBER PAKHTUNKHWA,SWAT,MATTA,"304,142","212,746","20,028","536,916"
KHYBER PAKHTUNKHWA,T A ADJ BANNU,T A ADJ BANNU,"13,381","12,135","3,888","29,404"
KHYBER PAKHTUNKHWA,T A ADJ D.I.KHAN,DRAZINDA,"37,452","21,797","2,323","61,572"
KHYBER PAKHTUNKHWA,T A ADJ KOHAT,T A ADJ KOHAT,"71,196","41,837","5,225","118,258"
KHYBER PAKHTUNKHWA,T A ADJ PESHAWAR,T A ADJ PESHAWAR,"28,043","17,759","1,486","47,288"
KHYBER PAKHTUNKHWA,T A ADJ TANK,JANDOLA,"26,823","15,587",836,"43,246"
KHYBER PAKHTUNKHWA,T.A.ADJ.LAKKI MARWAT,T.A.ADJ.LAKKI MARWAT,"13,562","7,646",282,"21,490"
KHYBER PAKHTUNKHWA,TANK,TANK,"212,380","137,934","4,640","354,954"
KHYBER PAKHTUNKHWA,TOR GHAR,TOR GHAR (F.R KALA DHAKA),"87,351","66,905",560,"154,816"
KHYBER PAKHTUNKHWA,TOR GHAR,TORKHOW MULKHOW,"65,050","28,590","1,448","95,088"
KHYBER PAKHTUNKHWA,UPPER CHITRAL,MASTUJ,"67,800","31,780","1,844","101,424"
KHYBER PAKHTUNKHWA,UPPER DIR,DIR,"169,063","160,863","14,068","343,994"
KHYBER PAKHTUNKHWA,UPPER DIR,LARJAM,"88,747","69,579","3,972","162,298"
KHYBER PAKHTUNKHWA,UPPER DIR,SHARINGAL,"131,926","130,097","7,189","269,212"
KHYBER PAKHTUNKHWA,UPPER DIR,WARI,"189,942","173,171","15,401","378,514"
PUNJAB,ATTOCK,ATTOCK,"311,645","142,708","43,937","498,290"
PUNJAB,ATTOCK,FATEH JANG,"235,023","102,151","5,104","342,278"
PUNJAB,ATTOCK,HASAN ABDAL,"144,218","72,099","7,024","223,341"
PUNJAB,ATTOCK,HAZRO,"231,317","106,333","42,551","380,201"
PUNJAB,ATTOCK,JAND,"259,873","110,900","5,220","375,993"
PUNJAB,ATTOCK,PINDI GHEB,"214,292","90,731","7,140","312,163"
PUNJAB,BAHAWALNAGAR,BAHAWALNAGAR,"544,878","345,791","5,734","896,403"
PUNJAB,BAHAWALNAGAR,CHISHTIAN,"494,575","267,047","11,864","773,486"
PUNJAB,BAHAWALNAGAR,FORTABBAS,"285,052","167,133","7,551","459,736"
PUNJAB,BAHAWALNAGAR,HAROONABAD,"369,620","202,199","15,861","587,680"
PUNJAB,BAHAWALNAGAR,MINCHINABAD,"336,839","223,456","1,508","561,803"
PUNJAB,BAHAWALPUR,AHMADPUR EAST,"724,577","457,762","13,368","1,195,707"
PUNJAB,BAHAWALPUR,BAHAWALPUR CITY,"559,704","304,608","24,086","888,398"
PUNJAB,BAHAWALPUR,BAHAWALPUR SADDAR,"282,222","169,379","5,007","456,608"
PUNJAB,BAHAWALPUR,HASILPUR,"313,761","176,080","10,931","500,772"
PUNJAB,BAHAWALPUR,KHAIRPUR TAMEWALI,"180,077","104,324","4,221","288,622"
PUNJAB,BAHAWALPUR,YAZMAN,"424,768","253,422","9,756","687,946"
PUNJAB,BHAKKAR,BHAKKAR,"479,574","301,481","4,869","785,924"
PUNJAB,BHAKKAR,DARYA KHAN,"250,442","152,042","1,206","403,690"
PUNJAB,BHAKKAR,KALUR KOT,"242,247","144,631","1,422","388,300"
PUNJAB,BHAKKAR,MANKERA,"184,420","99,147","1,270","284,837"
PUNJAB,CHAKWAL,CHAKWAL,"560,930","221,965","39,001","821,896"
PUNJAB,CHAKWAL,CHOA SAIDAN SHAH,"115,249","52,323","6,954","174,526"
PUNJAB,CHAKWAL,KALLAR KAHAR,"125,877","49,978","4,144","179,999"
PUNJAB,CHINIOT,BHAWANA,"245,190","146,227","1,418","392,835"
PUNJAB,CHINIOT,CHINIOT,"433,474","220,504","12,401","666,379"
PUNJAB,CHINIOT,LALIAN,"292,445","160,443","12,953","465,841"
PUNJAB,DERA GHAZI KHAN,DERA GHAZI KHAN,"731,716","505,632","81,307","1,318,655"
PUNJAB,DERA GHAZI KHAN,KOH-E-SULEMAN,"128,788","104,053","5,224","238,065"
PUNJAB,DERA GHAZI KHAN,KOT CHUTTA,"445,841","306,427","25,791","778,059"
PUNJAB,DERA GHAZI KHAN,TAUNSA,"408,228","309,967","4,205","722,400"
PUNJAB,FAISALABAD,CHAK JHUMRA,"254,796","116,368","11,200","382,364"
PUNJAB,FAISALABAD,FAISALABAD CITY,"2,597,343","1,112,400","136,581","3,846,324"
PUNJAB,FAISALABAD,FAISALABAD SADAR,"815,287","364,393","23,865","1,203,545"
PUNJAB,FAISALABAD,JARANWALA,"1,082,140","498,614","32,046","1,612,800"
PUNJAB,FAISALABAD,SUMMUNDRI,"504,574","223,383","30,907","758,864"
PUNJAB,FAISALABAD,TANDLIAN WALA,"482,736","223,045","11,628","717,409"
PUNJAB,GUJRANWALA,GUJRANWALA CITY,"1,644,338","734,061","126,575","2,504,974"
PUNJAB,GUJRANWALA,GUJRANWALA SADDAR,"466,770","211,372","24,942","703,084"
PUNJAB,GUJRANWALA,KAMOKE,"413,385","204,935","19,674","637,994"
PUNJAB,GUJRANWALA,NOWSHERA VIRKAN,"387,499","192,338","21,562","601,399"
PUNJAB,GUJRAT,GUJRAT,"1,148,227","503,882","200,872","1,852,981"
PUNJAB,GUJRAT,KHARIAN,"758,814","332,165","213,292","1,304,271"
PUNJAB,GUJRAT,SARAI ALAMGIR,"191,690","87,081","46,126","324,897"
PUNJAB,HAFIZABAD,HAFIZABAD,"504,711","243,487","24,932","773,130"
PUNJAB,HAFIZABAD,PINDI BHATTIAN,"355,398","185,885","9,187","550,470"
PUNJAB,JHANG,18-HAZARI,"201,468","129,630","1,456","332,554"
PUNJAB,JHANG,AHMADPUR SIAL,"279,349","205,985","2,805","488,139"
PUNJAB,JHANG,JHANG,"1,029,856","590,759","18,448","1,639,063"
PUNJAB,JHANG,SHORKOT,"386,436","232,806","8,013","627,255"
PUNJAB,JHELUM,DINA,"172,156","67,358","31,522","271,036"
PUNJAB,JHELUM,JHELUM,"366,529","158,521","138,456","663,506"
PUNJAB,JHELUM,PIND DADAN KHAN,"286,325","123,385","13,673","423,383"
PUNJAB,JHELUM,SOHAWA,"178,763","79,721","20,801","279,285"
PUNJAB,KASUR,CHUNIAN,"572,504","354,282","6,499","933,285"
PUNJAB,KASUR,KASUR,"973,168","571,172","15,190","1,559,530"
PUNJAB,KASUR,KOT RADHA KISHEN,"198,416","117,810","2,228","318,454"
PUNJAB,KASUR,PATTOKI,"628,284","360,205","8,661","997,150"
PUNJAB,KHANEWAL,JAHANIAN,"255,714","144,807","6,320","406,841"
PUNJAB,KHANEWAL,KABIRWALA,"656,786","374,952","8,638","1,040,376"
PUNJAB,KHANEWAL,KHANEWAL,"610,350","329,290","13,417","953,057"
PUNJAB,KHANEWAL,MIAN CHANNU,"568,554","297,950","16,889","883,393"
PUNJAB,KHUSHAB,KHUSHAB,"583,163","271,417","18,796","873,376"
PUNJAB,KHUSHAB,NOORPUR,"186,922","89,979","2,133","279,034"
PUNJAB,KHUSHAB,NOWSHERA,"81,263","31,311",925,"113,499"
PUNJAB,KHUSHAB,QAIDABAD,"160,091","80,852","2,903","243,846"
PUNJAB,KOT ADDU,CHOWK SARWAR SHAHEED,"187,460","132,548","2,314","322,322"
PUNJAB,KOT ADDU,KOT ADDU,"654,530","508,010","9,036","1,171,576"
PUNJAB,LAHORE,ALLAM IQBAL,"51,025","23,883","1,018","75,926"
PUNJAB,LAHORE,LAHORE CANTT,"2,837,538","1,204,646","188,068","4,230,252"
PUNJAB,LAHORE,LAHORE CITY,"3,935,722","1,506,805","325,197","5,767,724"
PUNJAB,LAHORE,LAHORE SADDAR,"155,955","79,283","59,059","294,297"
PUNJAB,LAHORE,MODEL TOWN,"414,218","148,023","31,189","593,430"
PUNJAB,LAHORE,NISHTER,"123,136","62,506",887,"186,529"
PUNJAB,LAHORE,RAIWIND,"187,729","88,412","2,047","278,188"
PUNJAB,LAHORE,RAVI,"7,494","3,506",377,"11,377"
PUNJAB,LAHORE,SHALAMAR TOWN,"30,501","14,888","5,590","50,979"
PUNJAB,LAHORE,WAHGA,"131,063","63,596","1,772","196,431"
PUNJAB,LAYYAH,CHOUBARA,"165,647","106,498","2,222","274,367"
PUNJAB,LAYYAH,KAROR LAL ESAN,"408,926","269,103","7,451","685,480"
PUNJAB,LAYYAH,LAYYAH,"653,713","449,207","8,523","1,111,443"
PUNJAB,LODHRAN,DUNYAPUR,"362,028","211,635","8,217","581,880"
PUNJAB,LODHRAN,KEHROR PACCA,"350,435","217,208","5,339","572,982"
PUNJAB,LODHRAN,LODHRAN,"484,752","323,985","11,323","820,060"
PUNJAB,MANDI BAHAUDDIN,MALAKWAL,"297,084","145,501","27,051","469,636"
PUNJAB,MANDI BAHAUDDIN,MANDI BAHAUDDIN,"506,570","242,998","66,504","816,072"
PUNJAB,MANDI BAHAUDDIN,PHALIA,"421,657","210,531","40,139","672,327"
PUNJAB,MIANWALI,ISAKHEL,"289,117","172,483","4,987","466,587"
PUNJAB,MIANWALI,MIANWALI,"580,058","311,340","5,798","897,196"
PUNJAB,MIANWALI,PIPLAN,"290,206","162,715","2,268","455,189"
PUNJAB,MULTAN,JALALPUR PIRWALA,"378,918","254,974","12,192","646,084"
PUNJAB,MULTAN,MULTAN CITY,"1,701,158","837,413","67,487","2,606,058"
PUNJAB,MULTAN,MULTAN SADDAR,"872,295","505,899","15,546","1,393,740"
PUNJAB,MULTAN,SHUJABAD,"431,753","283,663","9,304","724,720"
PUNJAB,MURREE,KOTLI SATTIAN,"75,471","38,795","2,600","116,866"
PUNJAB,MURREE,MURREE,"157,270","72,706","7,283","237,259"
PUNJAB,MUZAFFARGARH,ALIPUR,"393,350","269,855","7,376","670,581"
PUNJAB,MUZAFFARGARH,JATOI,"440,010","321,199","9,380","770,589"
PUNJAB,MUZAFFARGARH,MUZAFFARGARH,"1,028,722","736,739","26,000","1,791,461"
PUNJAB,NANKANA SAHIB,NANKANA SAHIB,"597,033","322,604","12,389","932,026"
PUNJAB,NANKANA SAHIB,SANGLA HILL,"164,291","82,287","8,808","255,386"
PUNJAB,NANKANA SAHIB,SHAH KOT,"167,125","80,478","5,802","253,405"
PUNJAB,NAROWAL,NAROWAL,"445,519","254,955","22,437","722,911"
PUNJAB,NAROWAL,SHAKARGARH,"484,420","265,234","27,513","777,167"
PUNJAB,NAROWAL,ZAFARWAL,"313,911","169,744","14,500","498,155"
PUNJAB,OKARA,DEPALPUR,"999,745","582,355","8,828","1,590,928"
PUNJAB,OKARA,OKARA,"858,576","456,639","24,676","1,339,891"
PUNJAB,OKARA,RENALA KHURD,"346,465","190,179","7,656","544,300"
PUNJAB,PAKPATTAN,ARIF WALA,"603,842","333,012","12,990","949,844"
PUNJAB,PAKPATTAN,PAKPATTAN,"685,408","397,957","7,423","1,090,788"
PUNJAB,RAHIM YAR KHAN,KHANPUR,"680,133","392,067","23,402","1,095,602"
PUNJAB,RAHIM YAR KHAN,LIAQUAT PUR,"695,396","415,668","16,477","1,127,541"
PUNJAB,RAHIM YAR KHAN,RAHIM YAR KHAN,"1,048,446","618,248","32,370","1,699,064"
PUNJAB,RAHIM YAR KHAN,SADIQABAD,"812,522","508,426","12,456","1,333,404"
PUNJAB,RAJANPUR,JAMPUR,"522,974","379,287","23,932","926,193"
PUNJAB,RAJANPUR,RAJANPUR,"430,832","326,160","5,216","762,208"
PUNJAB,RAJANPUR,RAJANPUR (TRIBAL AREA),"5,493","2,347",71,"7,911"
PUNJAB,RAJANPUR,ROJHAN,"228,856","179,424",638,"408,918"
PUNJAB,RAWALPINDI,GUJAR KHAN,"551,270","230,428","114,862","896,560"
PUNJAB,RAWALPINDI,KAHUTA,"195,720","86,329","34,411","316,460"
PUNJAB,RAWALPINDI,KALLAR SAYADDAN,"166,946","70,569","27,802","265,317"
PUNJAB,RAWALPINDI,RAWALPINDI,"2,350,326","1,025,183","215,224","3,590,733"
PUNJAB,RAWALPINDI,TAXILA,"489,986","217,891","26,770","734,647"
PUNJAB,SAHIWAL,CHICHAWATNI,"766,259","371,166","29,679","1,167,104"
PUNJAB,SAHIWAL,SAHIWAL,"1,086,650","556,834","42,507","1,685,991"
PUNJAB,SARGODHA,BHALWAL,"323,046","158,762","20,307","502,115"
PUNJAB,SARGODHA,BHERA,"233,306","113,532","9,388","356,226"
PUNJAB,SARGODHA,KOT MOMIN,"312,285","169,759","6,020","488,064"
PUNJAB,SARGODHA,SAHIWAL,"272,051","133,146","5,397","410,594"
PUNJAB,SARGODHA,SARGODHA,"1,145,419","546,877","57,256","1,749,552"
PUNJAB,SARGODHA,SHAHPUR,"283,983","139,367","4,925","428,275"
PUNJAB,SARGODHA,SILLANWALI,"259,671","137,921","7,793","405,385"
PUNJAB,SHEIKHUPURA,FEROZEWALA,"498,922","244,624","15,551","759,097"
PUNJAB,SHEIKHUPURA,MURIDKE,"365,619","182,070","10,107","557,796"
PUNJAB,SHEIKHUPURA,SAFDARABAD,"223,951","108,855","12,438","345,244"
PUNJAB,SHEIKHUPURA,SHARAK PUR,"157,982","66,783","6,305","231,070"
PUNJAB,SHEIKHUPURA,SHEIKHUPURA,"1,054,040","500,293","41,768","1,596,101"
PUNJAB,SIALKOT,DASKA,"638,157","319,249","62,344","1,019,750"
PUNJAB,SIALKOT,PASRUR,"617,921","330,532","46,834","995,287"
PUNJAB,SIALKOT,SAMBRIAL,"279,593","131,920","25,322","436,835"
PUNJAB,SIALKOT,SIALKOT,"1,297,283","543,271","164,220","2,004,774"
PUNJAB,TALA GANG,LAWA,"101,562","42,430","1,267","145,259"
PUNJAB,TALA GANG,TALA GANG,"343,746","143,822","7,909","495,477"
PUNJAB,TOBA TEK SINGH,GOJRA,"495,327","235,802","30,243","761,372"
PUNJAB,TOBA TEK SINGH,KAMALIA,"300,645","153,898","15,375","469,918"
PUNJAB,TOBA TEK SINGH,PIR MAHAL,"282,460","141,257","11,189","434,906"
PUNJAB,TOBA TEK SINGH,TOBA TEK SINGH,"578,848","278,389","43,321","900,558"
PUNJAB,VEHARI,BUREWALA,"720,541","369,454","30,624","1,120,619"
PUNJAB,VEHARI,MAILSI,"683,124","393,051","18,068","1,094,243"
PUNJAB,VEHARI,VEHARI,"659,863","352,001","17,168","1,029,032"
PUNJAB,WAZIRABAD,ALIPUR CHATTA,"233,435","98,570","14,730","346,735"
PUNJAB,WAZIRABAD,WAZIRABAD,"421,804","198,311","53,357","673,472"
SINDH,BADIN,BADIN,"266,313","162,070",758,"429,141"
SINDH,BADIN,MATLI,"245,890","126,507",784,"373,181"
SINDH,BADIN,SHAHEED FAZIL RAHU,"174,149","78,923",339,"253,411"
SINDH,BADIN,TALHAR,"104,457","57,215",135,"161,807"
SINDH,BADIN,TANDO BAGO,"227,892","131,778",400,"360,070"
SINDH,DADU,DADU,"275,975","145,108","9,398","430,481"
SINDH,DADU,JOHI,"184,075","101,111","16,778","301,964"
SINDH,DADU,KHAIRPUR NATHAN SHAH,"209,528","117,239","7,708","334,475"
SINDH,DADU,MEHAR,"277,426","156,973","7,121","441,520"
SINDH,GHOTKI,DAHARKI,"182,531","115,249","2,461","300,241"
SINDH,GHOTKI,GHOTKI,"308,871","187,489","6,990","503,350"
SINDH,GHOTKI,KHANGARH,"83,531","61,587","1,042","146,160"
SINDH,GHOTKI,MIRPUR MATHELO,"199,750","126,235","3,063","329,048"
SINDH,GHOTKI,UBAURO,"210,547","144,047",848,"355,442"
SINDH,HYDERABAD,HYDERABAD,"356,226","132,163","9,069","497,458"
SINDH,HYDERABAD,HYDERABAD CITY,"450,149","130,032","6,588","586,769"
SINDH,HYDERABAD,LATIFABAD,"444,390","142,314","10,779","597,483"
SINDH,HYDERABAD,QASIMABAD,"150,828","58,664","4,891","214,383"
SINDH,JACOBABAD,GARHI KHAIRO,"96,873","52,414","1,582","150,869"
SINDH,JACOBABAD,JACOBABAD,"254,820","141,414","3,346","399,580"
SINDH,JACOBABAD,THUL,"260,109","139,660","2,791","402,560"
SINDH,JAMSHORO,KOTRI,"253,764","113,129","3,495","370,388"
SINDH,JAMSHORO,MANJHAND,"65,540","32,561",111,"98,212"
SINDH,JAMSHORO,SEHWAN SHARIF,"157,154","83,158","6,095","246,407"
SINDH,JAMSHORO,THANO BULA KHAN,"68,526","30,878",97,"99,501"
SINDH,KAMBAR SHAHDAD KOT,MEERO KHAN,"99,741","70,284","6,280","176,305"
SINDH,KAMBAR SHAHDAD KOT,NASIR ABAD,"96,408","61,563","1,982","159,953"
SINDH,KAMBAR SHAHDAD KOT,QAMBAR ALI KHAN,"236,964","134,792","15,126","386,882"
SINDH,KAMBAR SHAHDAD KOT,QUBO SAEED KHAN,"50,116","36,048","2,013","88,177"
SINDH,KAMBAR SHAHDAD KOT,SHAHDAD KOT,"121,443","81,192","10,034","212,669"
SINDH,KAMBAR SHAHDAD KOT,SIJAWAL JUNEJO,"61,020","43,791","1,059","105,870"
SINDH,KAMBAR SHAHDAD KOT,WARAH,"139,435","95,346","8,067","242,848"
SINDH,KARACHI CENTRAL,KARACHI CENTRAL,"2,320,726","755,051","318,809","3,394,586"
SINDH,KARACHI EAST,KARACHI EAST,"1,643,495","550,915","203,830","2,398,240"
SINDH,KARACHI KEEMARI,KEEMARI,"908,253","389,868","20,078","1,318,199"
SINDH,KARACHI KORANGI,KORANGI,"528,092","160,415","7,698","696,205"
SINDH,KARACHI KORANGI,LANDHI,"334,468","115,622","9,911","460,001"
SINDH,KARACHI KORANGI,MODEL COLONY,"207,607","70,771","8,734","287,112"
SINDH,KARACHI KORANGI,SHAH FAISAL,"321,393","119,039","28,420","468,852"
SINDH,KARACHI MALIR,MALIR,"1,310,297","551,659","50,513","1,912,469"
SINDH,KARACHI SOUTH,KARACHI SOUTH,"1,675,810","594,582","144,264","2,414,656"
SINDH,KARACHI WEST,KARACHI WEST,"1,295,649","535,914","33,670","1,865,233"
SINDH,KASHMORE,KANDH KOT,"212,232","125,019","3,857","341,108"
SINDH,KASHMORE,KASHMORE,"250,451","154,308","3,805","408,564"
SINDH,KASHMORE,TANGWANI,"146,562","77,741","1,150","225,453"
SINDH,KHAIRPUR,FAIZ GANJ,"132,313","83,925",502,"216,740"
SINDH,KHAIRPUR,GAMBAT,"165,052","114,461","1,175","280,688"
SINDH,KHAIRPUR,KHAIRPUR,"281,549","180,344","1,786","463,679"
SINDH,KHAIRPUR,KINGRI,"201,191","145,053",546,"346,790"
SINDH,KHAIRPUR,KOT DIJI,"217,699","158,683",902,"377,284"
SINDH,KHAIRPUR,NARA,"83,412","62,754",154,"146,320"
SINDH,KHAIRPUR,SOBHO DERO,"164,065","106,162","1,377","271,604"
SINDH,KHAIRPUR,THARI MEER WAH,"212,620","140,771",873,"354,264"
SINDH,LARKANA,BAQRANI,"138,392","79,669","4,916","222,977"
SINDH,LARKANA,DOKRI,"146,115","82,298","3,967","232,380"
SINDH,LARKANA,LARKANA,"445,469","259,548","11,230","716,247"
SINDH,LARKANA,RATO DERO,"215,114","136,411","2,814","354,339"
SINDH,MATIARI,HALA,"141,521","70,511","1,190","213,222"
SINDH,MATIARI,MATIARI,"223,878","116,631",581,"341,090"
SINDH,MATIARI,SAEEDABAD,"90,351","58,997",296,"149,644"
SINDH,MIRPUR KHAS,DIGRI,"146,692","64,799",906,"212,397"
SINDH,MIRPUR KHAS,HUSSAIN BUX MARRI,"72,409","40,670",487,"113,566"
SINDH,MIRPUR KHAS,JHUDO,"103,181","53,646",308,"157,135"
SINDH,MIRPUR KHAS,KOT GHULAM MUHAMMAD,"176,212","91,870",376,"268,458"
SINDH,MIRPUR KHAS,MIRPUR KHAS,"241,237","89,898","4,228","335,363"
SINDH,MIRPUR KHAS,SHUJABAD,"72,829","47,936",97,"120,862"
SINDH,MIRPUR KHAS,SINDHRI,"115,437","67,304",176,"182,917"
SINDH,NAUSHAHRO FEROZE,BHIRIA,"196,983","116,385","1,549","314,917"
SINDH,NAUSHAHRO FEROZE,KANDIARO,"205,986","124,440","1,091","331,517"
SINDH,NAUSHAHRO FEROZE,MEHRAB PUR,"134,789","84,627",911,"220,327"
SINDH,NAUSHAHRO FEROZE,MORO,"224,810","126,451","2,238","353,499"
SINDH,NAUSHAHRO FEROZE,NAUSHAHRO FEROZE,"226,802","124,793","2,287","353,882"
SINDH,SANGHAR,JAM NAWAZ ALI,"85,860","55,514",457,"141,831"
SINDH,SANGHAR,KHIPRO,"211,761","127,654",389,"339,804"
SINDH,SANGHAR,SANGHAR,"269,342","151,537","3,698","424,577"
SINDH,SANGHAR,SHAHDADPUR,"299,303","176,427","2,705","478,435"
SINDH,SANGHAR,SINJHORO,"193,916","120,518","2,015","316,449"
SINDH,SANGHAR,TANDO ADAM,"240,416","127,307","2,132","369,855"
SINDH,SHAHEED BENAZIR ABAD,DAUR,"258,627","164,936","4,302","427,865"
SINDH,SHAHEED BENAZIR ABAD,KAZI AHMED,"208,071","116,312","2,634","327,017"
SINDH,SHAHEED BENAZIR ABAD,NAWABSHAH,"303,222","156,128","8,376","467,726"
SINDH,SHAHEED BENAZIR ABAD,SAKRAND,"227,552","137,397","3,407","368,356"
SINDH,SHIKARPUR,GARHI YASIN,"201,305","131,069","1,942","334,316"
SINDH,SHIKARPUR,KHANPUR,"139,212","97,209",617,"237,038"
SINDH,SHIKARPUR,LAKHI,"153,732","115,031",572,"269,335"
SINDH,SHIKARPUR,SHIKARPUR,"263,149","163,403","1,899","428,451"
SINDH,SUJAWAL,JATI,"115,128","51,989",57,"167,174"
SINDH,SUJAWAL,KHARO CHAN,"7,933","3,181",6,"11,120"
SINDH,SUJAWAL,MIRPUR BATHORO,"126,882","68,694",208,"195,784"
SINDH,SUJAWAL,SHAH BUNDER,"89,564","48,190",70,"137,824"
SINDH,SUJAWAL,SUJAWAL,"120,615","68,580",254,"189,449"
SINDH,SUKKUR,NEW SUKKUR,"189,463","119,005",563,"309,031"
SINDH,SUKKUR,PANO AQIL,"249,184","173,798","1,273","424,255"
SINDH,SUKKUR,ROHRI,"217,736","138,175",855,"356,766"
SINDH,SUKKUR,SALEHPAT,"65,485","51,099",165,"116,749"
SINDH,SUKKUR,SUKKUR,"193,132","81,918","2,833","277,883"
SINDH,TANDO ALLAHYAR,CHAMBER,"104,271","60,695",270,"165,236"
SINDH,TANDO ALLAHYAR,JHANDO MARI,"125,380","69,190",415,"194,985"
SINDH,TANDO ALLAHYAR,TANDO ALLAHYAR,"269,922","118,962","3,214","392,098"
SINDH,TANDO MUHAMMAD KHAN,BULRI SHAH KARIM,"122,373","73,255",97,"195,725"
SINDH,TANDO MUHAMMAD KHAN,TANDO GHULAM HYDER,"90,820","51,610",63,"142,493"
SINDH,TANDO MUHAMMAD KHAN,TANDO MUHAMMAD KHAN,"170,915","82,463",653,"254,031"
SINDH,THARPARKAR,CHACHRO,"148,636","116,201",81,"264,918"
SINDH,THARPARKAR,DAHLI,"91,266","74,804",8,"166,078"
SINDH,THARPARKAR,DIPLO,"89,382","66,578",126,"156,086"
SINDH,THARPARKAR,ISLAM KOT,"126,315","92,056",31,"218,402"
SINDH,THARPARKAR,KALOI,"63,041","45,097",11,"108,149"
SINDH,THARPARKAR,MITHI,"111,480","79,363",177,"191,020"
SINDH,THARPARKAR,NAGAR PARKAR,"146,774","102,138",54,"248,966"
SINDH,THATTA,GHORABARI,"98,716","53,497",175,"152,388"
SINDH,THATTA,KETI BUNDER,"33,933","14,295",11,"48,239"
SINDH,THATTA,MIRPUR SAKRO,"189,998","98,177",507,"288,682"
SINDH,THATTA,THATTA,"251,697","126,976",802,"379,475"
SINDH,UMER KOT,KUNRI,"137,338","70,659",861,"208,858"
SINDH,UMER KOT,PITHORO,"72,595","44,953",191,"117,739"
SINDH,UMER KOT,SAMARO,"99,856","62,772",134,"162,762"
SINDH,UMER KOT,UMER KOT,"326,962","205,701",611,"533,274"
